time,open,high,low,close,volume
2019-03-01,59960,59960,59920,59960,34010
2019-03-04,59960,60080,58980,59960,8580
2019-03-05,58720,60010,58720,59960,35720
2019-03-06,59960,60130,59960,59960,9290
2019-03-07,59960,60400,59960,60330,19290
2019-03-08,60330,60330,59750,59750,2120
2019-03-11,59960,59960,59960,59960,20440
2019-03-12,60730,60730,60730,60730,10
2019-03-13,60730,60860,60010,60820,35650
2019-03-14,60820,62020,60820,60910,10980
2019-03-15,60910,61970,60910,61970,14420
2019-03-18,61970,66290,61970,65710,24690
2019-03-19,65710,65710,64890,65710,20760
2019-03-20,65670,65710,61690,65710,3820
2019-03-21,64890,68130,64890,68130,67840
2019-03-22,66930,66930,65710,65710,21290
2019-03-25,65710,65710,65290,65710,18830
2019-03-26,65710,65710,65290,65710,22040
2019-03-27,65710,65910,65710,65710,8990
2019-03-28,65290,65910,65290,65710,5250
2019-03-29,65710,65710,65710,65710,4190
2019-04-01,65710,65910,65710,65910,8040
2019-04-02,66120,66200,65710,66150,20920
2019-04-03,65710,65710,65710,65710,17170
2019-04-04,65710,65760,65710,65710,10520
2019-04-05,64890,65790,64890,65710,30360
2019-04-08,65710,65910,65710,65710,12080
2019-04-09,65710,66120,65710,65990,11480
2019-04-10,66090,66930,66040,66450,31420
2019-04-11,66450,66530,65990,66530,4660
2019-04-12,66530,66530,65710,66450,1940
2019-04-16,65710,65990,65710,65990,12480
2019-04-17,65760,65990,65760,65990,8090
2019-04-18,65910,66090,65710,65990,4650
2019-04-19,65910,65990,65760,65760,3950
2019-04-22,65760,67310,65090,65209,13360
2019-04-23,65670,65910,65670,65710,48590
2019-04-24,66120,66120,65710,65760,6570
2019-04-25,66120,66120,65710,66040,3530
2019-04-26,65710,66530,65710,66530,9420
2019-05-02,66530,67710,66480,66530,3940
2019-05-03,66530,66530,65710,66530,78290
2019-05-06,66530,66530,65760,66530,470
2019-05-07,65710,66530,65710,66530,7070
2019-05-08,66120,69820,66120,66740,26280
2019-05-09,66530,66740,66530,66740,14110
2019-05-10,66330,66530,66330,66530,510
2019-05-13,66120,66530,66120,66120,10250
2019-05-14,65760,66290,65760,66290,7350
2019-05-15,67350,67350,66150,66150,6260
2019-05-16,65910,66930,65760,66930,3410
2019-05-17,66930,66930,66930,66930,2000
2019-05-20,66120,66890,66120,66120,960
2019-05-21,66150,66450,66120,66150,3660
2019-05-22,65910,66240,65910,65910,8290
2019-05-23,65910,66450,65710,66450,7380
2019-05-24,67760,71050,66450,67760,169700
2019-05-27,67760,68990,67760,68990,700
2019-05-28,66530,66930,66530,66930,5090
2019-05-29,66930,66930,66530,66530,3190
2019-05-30,66450,67310,66450,67310,11270
2019-05-31,67310,67310,67310,67310,0
2019-06-03,67310,67310,65910,65910,1430
2019-06-04,65790,65790,65790,65790,1240
2019-06-05,67350,68070,66090,66090,23960
2019-06-06,66090,67680,66090,67260,20360
2019-06-07,66630,66630,66630,66630,150
2019-06-10,66420,67350,66130,67350,520
2019-06-11,67350,67350,66250,67220,2040
2019-06-12,66540,66840,66420,66840,410
2019-06-13,65790,66840,65710,66840,10320
2019-06-14,67260,67650,67260,67390,11200
2019-06-17,68940,71420,67260,67260,2520
2019-06-18,67260,67430,67260,67430,5490
2019-06-19,67430,67480,67310,67310,5730
2019-06-20,67260,67350,66880,67350,5710
2019-06-21,67350,67850,67350,67350,6670
2019-06-24,66420,67350,66090,67260,9950
2019-06-25,67260,67350,67100,67350,21150
2019-06-26,67260,67310,65160,65160,10660
2019-06-27,65379,67430,65379,67260,8000
2019-06-28,67260,67680,66420,67680,6510
2019-07-01,67650,67650,66000,67260,3070
2019-07-02,66050,67260,66050,67260,5210
2019-07-03,67260,67260,67260,67260,700
2019-07-04,66810,66810,66510,66510,4800
2019-07-05,67220,67220,67220,67220,10
2019-07-08,67220,67220,66840,66840,2080
2019-07-09,66840,67220,66840,66840,3800
2019-07-10,66840,66840,66130,66840,160
2019-07-11,67170,67170,66670,66670,460
2019-07-12,66670,66670,63020,65160,13660
2019-07-15,66670,67100,65250,66930,3130
2019-07-16,66930,66930,66630,66630,7430
2019-07-17,66420,66810,66380,66810,270
2019-07-18,66810,66810,66720,66760,6860
2019-07-19,66810,66810,66810,66810,100
2019-07-22,65790,65870,65790,65820,4340
2019-07-23,65820,66840,65410,65820,4610
2019-07-24,65920,66420,65920,66000,24150
2019-07-25,66050,66420,65920,66420,2880
2019-07-26,66420,66420,65570,65570,5800
2019-07-29,66000,66000,65820,66000,8160
2019-07-30,66210,66630,65160,65160,6110
2019-07-31,65200,65410,65160,65379,13820
2019-08-01,65160,65500,65160,65200,8380
2019-08-02,65200,66000,65160,66000,7580
2019-08-05,65570,65570,65160,65330,2250
2019-08-06,65160,65570,65160,65379,9780
2019-08-07,65160,66420,65290,65920,6320
2019-08-08,65570,65760,65570,65760,8520
2019-08-09,65570,66000,65570,65710,7960
2019-08-12,65760,66380,65760,66000,2610
2019-08-13,66810,67260,66130,66130,3750
2019-08-14,66000,66210,66000,66000,7240
2019-08-15,66000,66810,65760,66810,14200
2019-08-16,66420,66420,65710,66210,1280
2019-08-19,66000,66210,66000,66210,10800
2019-08-20,65570,66210,65570,66000,19160
2019-08-21,66210,66210,65870,66000,19750
2019-08-22,66210,66210,65920,66000,14580
2019-08-23,65820,67260,65820,67220,11090
2019-08-26,66840,66840,66470,66470,10550
2019-08-27,66840,66840,66590,66590,8910
2019-08-28,66630,66630,66250,66250,3390
2019-08-29,66420,66420,66130,66160,10180
2019-08-30,66160,66210,66090,66210,6840
2019-09-03,65570,66050,65570,66050,4330
2019-09-04,65710,66090,65710,66000,6670
2019-09-05,66000,66210,66000,66210,3020
2019-09-06,66210,66210,65960,66000,17780
2019-09-09,66000,66250,66000,66000,2940
2019-09-10,66000,66470,66000,66420,24000
2019-09-11,66130,66250,66050,66250,7140
2019-09-12,66250,66590,66250,66420,3740
2019-09-13,66210,66630,66000,66050,12740
2019-09-16,66050,67260,66050,67260,59890
2019-09-17,67260,68180,67260,68180,100340
2019-09-18,69360,70210,69360,70070,8580
2019-09-19,70170,70170,69360,69780,3660
2019-09-20,69360,69570,69160,69530,12590
2019-09-23,69530,69530,68100,68220,13020
2019-09-24,68100,68150,67550,67550,3020
2019-09-25,67480,67480,66760,67480,19200
2019-09-26,67650,68940,67480,67680,7990
2019-09-27,67850,68100,66880,67650,8350
2019-09-30,67650,68400,67260,68180,6560
2019-10-01,67770,68690,67770,68560,6220
2019-10-02,68560,68940,68150,68150,23200
2019-10-03,68180,68510,68100,68510,9410
2019-10-04,69320,69360,68100,68450,6130
2019-10-07,68510,68940,68310,68940,8750
2019-10-08,68940,68940,68270,68820,6600
2019-10-09,68820,68820,68510,68690,11090
2019-10-10,68690,68690,67260,68020,3260
2019-10-11,68100,68100,67510,67510,980
2019-10-14,67510,67510,66880,67480,12880
2019-10-15,67260,71380,66880,68070,12490
2019-10-16,67680,67900,67650,67900,19600
2019-10-17,67850,67850,66840,67010,5300
2019-10-18,67220,67260,66420,66420,7750
2019-10-21,66590,66930,66590,66840,14440
2019-10-22,67480,68510,67260,67650,4770
2019-10-23,67650,67650,67550,67650,3190
2019-10-24,67510,67600,67260,67260,7080
2019-10-25,67260,67260,66840,67220,17730
2019-10-28,67220,67220,66670,66840,1510
2019-10-29,66630,66840,66630,66840,1800
2019-10-30,66840,66840,66670,66840,10330
2019-10-31,67700,67700,65340,65560,41470
2019-11-01,65560,65560,64310,64519,16730
2019-11-04,64519,65129,64260,64519,8650
2019-11-05,64700,65129,64700,64910,6490
2019-11-06,64910,65090,64700,64700,7080
2019-11-07,64700,64700,62990,64260,7950
2019-11-08,64260,64260,63830,64260,1570
2019-11-11,64260,64260,64060,64190,31540
2019-11-12,64260,65290,64060,64260,5930
2019-11-13,64260,64910,64260,64260,1140
2019-11-14,64260,64260,63830,63830,690
2019-11-15,63830,64260,61700,64220,6490
2019-11-18,64260,64260,63330,63330,7840
2019-11-19,63420,63420,62550,62990,6990
2019-11-20,62990,62990,62770,62990,7090
2019-11-21,63190,65129,62990,62990,3520
2019-11-22,63190,63190,61490,61490,4320
2019-11-25,61280,61280,58700,59550,8880
2019-11-26,59990,59990,59220,59940,11540
2019-11-27,59940,59990,59520,59520,19640
2019-11-28,59770,59770,59550,59550,340
2019-11-29,58700,60410,58700,59550,6540
2019-12-02,59550,59550,58830,59550,15710
2019-12-03,58970,59770,58970,59550,1010
2019-12-04,59340,59550,59080,59130,1320
2019-12-05,58700,58700,57940,58050,3760
2019-12-06,58270,58700,58270,58480,4300
2019-12-09,58270,58360,57840,57840,16440
2019-12-10,57840,58270,57760,57760,560
2019-12-11,57760,57760,57240,57240,4170
2019-12-12,56980,56980,56260,56260,3470
2019-12-13,55790,55790,53550,53770,16250
2019-12-16,53770,57500,53770,56630,8380
2019-12-17,56610,56610,55690,55690,2290
2019-12-18,55690,55690,53770,53990,16010
2019-12-19,53990,53990,53390,53550,11350
2019-12-20,53550,53600,51190,51410,48630
2019-12-23,51410,51850,51190,51850,41930
2019-12-24,51850,51850,51410,51410,7710
2019-12-25,51410,51850,51410,51850,12070
2019-12-26,51460,51460,51370,51410,47260
2019-12-27,51410,52270,51370,51410,51860
2019-12-30,51460,52360,51370,51370,11700
2019-12-31,48930,52270,48930,51410,310
2020-01-02,51410,51460,49270,49750,10070
2020-01-03,51290,51290,50130,51160,1770
2020-01-06,51160,52270,51160,52270,3040
2020-01-07,52270,52660,50560,51410,6530
2020-01-08,51410,52440,51410,51630,16310
2020-01-09,51630,52620,51630,52620,3340
2020-01-10,52700,53990,52620,53550,25550
2020-01-13,53550,56130,53550,56050,31960
2020-01-14,56470,58190,56470,57840,92950
2020-01-15,59130,59300,56980,57840,48400
2020-01-16,57840,57840,56980,57410,9760
2020-01-17,57410,57410,56770,56980,16680
2020-01-20,56980,56980,56570,56980,8080
2020-01-21,56980,56980,55300,55690,38120
2020-01-22,55690,56130,55490,55690,2520
2020-01-30,55490,55690,53990,55690,27940
2020-01-31,54420,54850,54250,54250,15340
2020-02-03,50600,53940,50480,50950,10620
2020-02-04,50950,53520,50130,50560,11930
2020-02-05,50560,53090,50560,50990,3270
2020-02-06,51410,51410,50560,50780,20660
2020-02-07,51760,51760,50560,50560,22390
2020-02-10,50560,50780,50510,50560,3670
2020-02-11,50560,51370,50510,50560,6780
2020-02-12,50390,50560,50390,50560,4750
2020-02-13,50560,51190,50560,50990,51120
2020-02-14,50780,50780,50510,50560,6910
2020-02-17,50560,50560,50130,50130,24150
2020-02-18,50130,50130,50040,50040,4820
2020-02-19,49910,49910,49660,49710,47620
2020-02-20,49710,49710,49480,49710,33630
2020-02-21,49710,49710,49520,49520,5980
2020-02-24,49520,49520,48420,49270,6260
2020-02-25,46100,48800,46100,48800,9730
2020-02-26,48800,49270,47560,49270,23390
2020-02-27,49270,49270,48240,48420,1470
2020-02-28,48240,48240,46570,46570,6820
2020-03-02,45450,46280,43660,44260,20590
2020-03-03,44260,45410,44260,44390,37680
2020-03-04,44390,45410,44390,44780,55020
2020-03-05,44990,47900,44990,47900,18110
2020-03-06,48840,50560,47900,50350,59850
2020-03-09,47560,47600,46830,46830,24860
2020-03-10,44090,49520,44090,48420,23180
2020-03-11,48420,49270,47770,47990,32210
2020-03-12,45850,46280,44650,45800,193220
2020-03-13,45160,45160,42640,42890,35040
2020-03-16,42890,44950,42710,42890,9460
2020-03-17,44520,44520,42640,42840,15750
2020-03-18,43700,44560,43270,44350,19500
2020-03-19,44350,44350,42640,42840,59360
2020-03-20,42840,42890,42640,42640,47230
2020-03-23,42590,42640,39670,39670,26320
2020-03-24,39670,39670,36970,37320,24590
2020-03-25,37490,39070,37490,38990,48260
2020-03-26,39210,41130,38570,41130,33930
2020-03-27,40700,41130,38990,40910,33200
2020-03-30,40700,40700,38140,40660,13250
2020-03-31,40620,40620,39030,39630,10960
2020-04-01,39630,40910,38590,40910,7650
2020-04-03,40700,41340,40280,41000,10160
2020-04-06,43660,43700,42550,43270,17450
2020-04-07,43700,45850,43360,44990,39060
2020-04-08,45850,45850,44090,44990,29070
2020-04-09,44950,45200,44900,44990,26490
2020-04-10,45410,45800,44990,45160,25050
2020-04-13,45330,46280,45200,45930,61920
2020-04-14,45930,46070,44990,45580,39210
2020-04-15,45410,46750,45410,46710,39540
2020-04-16,46710,47090,45410,46780,32900
2020-04-17,46780,47510,45410,46780,63560
2020-04-20,47090,47090,45410,46280,105390
2020-04-21,45450,46280,44900,44900,51560
2020-04-22,43410,45200,43410,45200,27930
2020-04-23,45850,47510,45160,45200,52440
2020-04-24,45200,45410,44520,44520,58900
2020-04-27,44560,46020,44560,45200,18940
2020-04-28,46070,46070,44990,45200,33200
2020-04-29,45410,45730,45200,45410,42110
2020-05-04,45410,45410,44900,44900,16210
2020-05-05,44900,44900,44130,44560,169520
2020-05-06,44560,44990,44390,44950,6020
2020-05-07,44950,45410,44900,45110,17400
2020-05-08,45370,45370,45110,45250,40010
2020-05-11,45370,45500,45200,45370,31310
2020-05-12,45410,47000,45410,46710,32210
2020-05-13,46330,49140,46330,48420,74940
2020-05-14,48420,48640,47810,48210,52500
2020-05-15,48210,48540,47950,48210,77560
2020-05-18,48110,48210,47130,47560,44110
2020-05-19,47900,49270,47900,48240,38110
2020-05-20,48210,48280,47560,47990,21440
2020-05-21,48640,49270,47770,48840,48660
2020-05-22,48840,49870,48840,49830,42010
2020-05-25,49910,50990,49830,50990,45250
2020-05-26,50990,51460,50780,51340,50460
2020-05-27,51410,51510,50730,50730,28890
2020-05-28,50990,51080,50690,50780,33070
2020-05-29,50990,51110,50850,50950,18500
2020-06-01,50990,51550,50990,51410,19940
2020-06-02,51410,51410,51240,51410,24360
2020-06-03,51410,51460,51240,51410,27240
2020-06-04,50430,52700,50430,52700,48290
2020-06-05,53140,56170,53140,55690,58170
2020-06-08,55920,57840,55690,56130,59960
2020-06-09,56130,56570,54850,55270,19130
2020-06-10,55270,55270,53250,54850,24610
2020-06-11,53690,56680,51630,51630,28210
2020-06-12,48240,51190,48240,51190,40030
2020-06-15,51410,53340,51410,52700,28970
2020-06-16,53300,53300,52440,52990,45110
2020-06-17,52990,53040,51410,52270,65640
2020-06-18,53090,53090,52270,52700,33460
2020-06-19,52700,53140,52270,52270,17900
2020-06-22,52270,52920,52160,52180,18490
2020-06-23,52270,52490,52160,52180,10030
2020-06-24,52180,52490,52060,52060,8170
2020-06-25,52010,52010,50990,51410,12440
2020-06-26,51410,52110,51080,51410,7630
2020-06-29,51410,51410,49360,49480,15520
2020-06-30,49480,50130,48930,49480,20510
2020-07-01,48840,50480,48840,50480,7230
2020-07-02,50130,50900,49480,50780,12350
2020-07-03,50990,52270,50950,52270,22630
2020-07-06,52400,53550,52360,53550,34450
2020-07-07,54370,54800,53340,53340,37780
2020-07-08,54420,54420,53470,53550,9930
2020-07-09,53550,53820,53040,53090,16840
2020-07-10,53140,53550,52920,53550,13380
2020-07-13,53990,54210,53550,53990,11630
2020-07-14,53990,54160,53470,53470,12670
2020-07-15,53640,53730,53180,53250,9080
2020-07-16,53250,53940,51410,51410,27830
2020-07-17,53650,54540,51510,51510,34810
2020-07-20,51510,53650,51510,52800,13050
2020-07-21,52800,52940,52310,52400,7290
2020-07-22,52400,52570,51860,51860,11560
2020-07-23,51860,51900,51280,51410,22700
2020-07-24,51410,51630,49180,50920,43700
2020-07-27,47400,49090,47400,47890,64440
2020-07-28,46940,50340,46940,50340,25210
2020-07-29,50070,50070,48110,48740,30260
2020-07-30,48740,49180,48280,48740,10680
2020-07-31,48280,48740,47890,48470,11190
2020-08-03,48280,48470,48070,48470,19610
2020-08-04,48500,49410,48500,49130,19740
2020-08-05,49180,49630,49130,49630,27930
2020-08-06,49630,50030,49530,49630,15650
2020-08-07,49630,49630,49230,49230,15130
2020-08-10,49180,49580,49090,49180,21590
2020-08-11,50390,50390,49180,49530,13380
2020-08-12,49530,49840,49530,49840,26300
2020-08-13,49840,50120,49630,50070,30110
2020-08-14,50070,50390,50070,50300,25030
2020-08-17,50300,50300,50070,50160,15030
2020-08-18,50120,50520,49990,50520,15320
2020-08-19,50520,52090,50520,52090,36540
2020-08-20,52310,52530,51190,51190,18350
2020-08-21,51860,51860,51150,51410,14440
2020-08-24,51820,51820,50870,51330,18410
2020-08-25,52090,52090,51460,51630,12980
2020-08-26,51630,51680,51410,51680,7000
2020-08-27,51680,51860,51330,51370,8930
2020-08-28,51370,52310,51330,52310,40320
2020-08-31,52310,52750,51860,51860,23750
2020-09-01,52310,52310,51860,52140,20250
2020-09-03,52210,52750,52210,52620,45730
2020-09-04,52570,53290,52310,53290,51930
2020-09-07,53600,53920,53430,53880,60750
2020-09-08,53650,55890,53650,55890,83040
2020-09-09,55890,55890,55220,55660,24530
2020-09-10,55580,55580,55180,55300,22490
2020-09-11,55440,55440,55220,55350,21680
2020-09-14,55890,55890,55260,55260,17160
2020-09-15,55300,55440,55260,55260,4640
2020-09-16,55260,56380,55260,55930,36070
2020-09-17,56280,56430,55930,56030,48950
2020-09-18,55890,56070,55440,55890,21090
2020-09-21,55440,55480,55260,55390,21530
2020-09-22,55390,55390,55040,55120,31740
2020-09-23,55080,55890,55040,55220,15670
2020-09-24,55850,55850,55220,55300,6400
2020-09-25,55440,55440,54140,54770,25990
2020-09-28,54770,55000,54470,54540,21500
2020-09-29,54770,54770,54190,54360,42200
2020-09-30,54230,54310,53960,53960,28760
2020-10-01,53960,55350,53960,54820,10390
2020-10-02,54820,54820,54280,54470,17130
2020-10-05,54470,54500,54310,54360,20710
2020-10-06,54360,54540,54110,54110,34180
2020-10-07,54540,54860,54140,54770,30140
2020-10-08,55000,55000,54540,54640,15210
2020-10-09,54640,54640,54230,54230,14900
2020-10-12,54230,54230,53960,53960,21100
2020-10-13,53960,54110,53960,53960,5090
2020-10-14,54050,54050,52620,52620,61790
2020-10-15,52620,52750,52170,52400,42160
2020-10-16,52570,52970,52400,52710,15780
2020-10-19,54190,54190,52850,53240,22480
2020-10-20,53240,53240,53070,53070,32300
2020-10-21,54000,54000,53290,53740,72600
2020-10-22,53740,54000,53650,53700,48040
2020-10-23,53700,53740,53470,53560,39460
2020-10-26,53650,53880,53390,53520,91040
2020-10-27,53430,53430,52670,52670,58740
2020-10-28,52570,52570,52090,52210,31140
2020-10-29,52210,52210,50250,51230,42830
2020-10-30,51410,51550,51230,51230,21660
2020-11-02,51230,51410,51230,51410,11290
2020-11-03,51510,52490,51510,52170,14840
2020-11-04,52170,52800,52170,52710,31830
2020-11-05,52750,53560,52750,52750,60280
2020-11-06,53210,53470,52750,53330,13520
2020-11-09,53330,53650,53210,53430,16170
2020-11-10,54310,54680,53650,54310,52080
2020-11-11,54310,54310,53650,53700,7900
2020-11-12,53880,54110,53780,54050,6600
2020-11-13,54050,54280,53780,53920,42200
2020-11-16,54110,54110,53240,53650,39550
2020-11-17,53650,53960,53430,53960,7180
2020-11-18,53650,54050,53650,53880,14060
2020-11-19,53920,54410,53880,54280,29910
2020-11-20,54280,55580,54280,55580,57600
2020-11-23,55660,56430,55660,56380,46860
2020-11-24,56380,56960,56070,56100,29510
2020-11-25,56570,56570,56070,56070,66490
2020-11-26,56070,56150,55800,56070,30760
2020-11-27,56070,56280,56030,56030,9440
2020-11-30,56100,56790,56070,56100,14860
2020-12-01,56100,56740,56030,56740,36830
2020-12-02,56740,56740,56280,56460,36580
2020-12-03,56460,56460,56250,56380,30440
2020-12-04,56380,56380,55890,55890,29330
2020-12-07,55890,56380,55890,56070,21220
2020-12-08,56150,56150,55850,55930,22820
2020-12-09,55930,56280,55890,55890,21170
2020-12-10,55890,56330,55890,56030,13130
2020-12-11,55930,56330,55850,56330,50740
2020-12-14,57250,57340,57020,57210,38740
2020-12-15,57210,57290,57160,57250,30240
2020-12-16,57250,57250,56800,57020,23570
2020-12-17,57020,59810,56890,59260,125500
2020-12-18,59500,59770,59260,59260,37900
2020-12-21,59260,59400,59260,59260,36070
2020-12-22,60010,60010,59350,59500,29120
2020-12-23,59500,59500,58760,58850,39480
2020-12-24,58850,58900,57250,57940,37570
2020-12-25,58180,58180,57250,57700,55550
2020-12-28,57620,58800,57620,58800,27300
2020-12-29,58620,59030,57800,58390,15270
2020-12-30,58620,59540,58210,59540,49150
2020-12-31,59080,59450,58390,58620,33020
2021-01-04,58620,59080,58620,58850,32900
2021-01-05,58850,59770,58850,59320,13000
2021-01-06,59320,59540,59220,59350,26600
2021-01-07,59260,59350,59260,59350,18600
2021-01-08,59350,59540,59220,59400,36900
2021-01-11,59450,59770,59400,59670,55900
2021-01-12,59770,63110,59770,62970,50900
2021-01-13,63200,63290,62390,62390,57600
2021-01-14,63200,63200,62390,62390,20800
2021-01-15,62390,62510,62290,62290,18700
2021-01-18,62290,63200,62290,62740,34100
2021-01-19,62970,62970,61730,61790,61400
2021-01-20,61790,61790,60360,61410,31300
2021-01-21,61610,61830,61370,61790,21000
2021-01-22,61970,62020,61460,61830,20100
2021-01-25,61830,62740,61830,62060,13400
2021-01-26,62060,62060,61690,61790,23400
2021-01-27,61790,61830,60030,60030,46900
2021-01-28,59170,59170,55870,55870,140100
2021-01-29,55870,58440,55870,57470,71800
2021-02-01,57250,58210,57120,57940,112200
2021-02-02,57940,58210,57290,58210,4600
2021-02-03,58180,60230,58180,60010,10400
2021-02-04,60090,60960,59540,59540,5000
2021-02-05,59350,59630,59260,59540,7700
2021-02-08,59540,59730,55920,57020,25600
2021-02-09,56930,60460,56930,60460,21600
2021-02-17,60010,60460,59540,59540,17800
2021-02-18,59540,60010,59320,59540,22200
2021-02-19,59540,59770,59450,59770,16700
2021-02-22,59770,59770,59350,59350,23700
2021-02-23,59540,59630,59400,59500,10800
2021-02-24,61790,61790,59400,59400,18100
2021-02-25,59400,59670,59350,59500,33200
2021-02-26,59500,61830,59400,59910,14800
2021-03-01,61830,61830,60010,60590,12900
2021-03-02,60590,61370,60460,61370,24600
2021-03-03,61370,62790,61370,62740,90400
2021-03-04,62970,63110,62660,62700,19800
2021-03-05,62100,62290,62060,62290,12600
2021-03-08,62390,62970,62290,62390,35300
2021-03-09,62290,62390,62140,62140,8000
2021-03-10,62290,62290,62060,62140,8400
2021-03-11,62290,62290,61920,61920,23300
2021-03-12,61920,62020,61690,61690,26200
2021-03-15,61830,61830,61650,61690,16700
2021-03-16,61690,61830,61510,61610,7500
2021-03-17,61560,61610,61370,61460,9300
2021-03-18,61460,61510,61330,61460,8800
2021-03-19,61370,61370,61240,61370,8400
2021-03-22,61370,61370,60960,61050,25700
2021-03-23,61010,61050,60820,60910,23700
2021-03-24,60870,60870,60460,60460,21500
2021-03-25,60460,60460,59770,60010,23400
2021-03-26,60230,60230,59580,59580,11100
2021-03-29,60010,60010,59540,59540,8500
2021-03-30,59770,59950,59540,59910,11700
2021-03-31,59910,60010,59500,60010,7100
2021-04-01,60030,60360,59580,60360,10100
2021-04-02,60360,60460,60180,60460,8000
2021-04-05,60460,60460,59910,60010,9500
2021-04-06,60230,60400,59860,60010,5800
2021-04-07,60030,60460,59910,59950,19200
2021-04-08,59950,60010,59910,59950,22900
2021-04-09,59950,60010,58620,58620,48200
2021-04-12,59540,59540,58850,59080,33100
2021-04-13,59080,60460,59080,59950,26600
2021-04-14,60230,60230,59080,59320,8200
2021-04-15,60360,60360,59220,59540,5600
2021-04-16,59950,59950,58620,58850,12600
2021-04-19,58620,58850,58210,58850,48000
2021-04-20,58850,58850,58620,58620,49300
2021-04-22,58620,58620,57660,57700,27700
2021-04-23,58180,58180,57620,57700,23500
2021-04-26,57700,58580,57620,57700,9500
2021-04-27,57620,58480,57530,57660,6300
2021-04-28,57700,57700,57580,57580,8200
2021-04-29,57580,57700,57580,57620,4800
2021-05-04,57620,57750,57620,57700,4100
2021-05-05,57660,58180,57530,58180,13600
2021-05-06,58180,58310,57700,58120,6900
2021-05-07,58020,58020,57700,57840,5800
2021-05-10,57700,57700,57530,57700,11600
2021-05-11,58180,58180,57660,57660,37400
2021-05-12,57700,58180,57580,58180,41000
2021-05-13,57660,58180,57620,58120,10400
2021-05-14,58180,58670,58180,58620,7000
2021-05-17,58620,58620,57980,58020,8900
2021-05-18,57940,59580,57940,59450,18100
2021-05-19,58180,59450,58180,59450,14900
2021-05-20,59450,59450,58390,58390,4500
2021-05-21,59540,59670,59130,59130,59500
2021-05-24,59540,59860,59540,59630,8000
2021-05-25,59630,60130,59630,59910,13700
2021-05-26,59910,60360,59910,60360,3100
2021-05-27,60010,64580,59770,64580,55600
2021-05-28,64580,64580,60460,62930,11700
2021-05-31,62930,62930,59030,61050,18100
2021-06-01,60460,62060,59950,60130,16600
2021-06-02,60130,60130,58670,59540,14900
2021-06-03,59540,59540,58800,59080,16500
2021-06-04,58850,59170,58850,59170,45900
2021-06-07,59320,59770,59320,59670,24500
2021-06-08,59770,60090,59770,60010,27400
2021-06-09,60010,60230,59950,60230,38400
2021-06-10,60230,61830,60230,61830,39900
2021-06-11,62510,62510,61790,62060,45900
2021-06-14,62060,62060,61410,61410,12500
2021-06-15,61330,61330,60780,61050,27200
2021-06-16,61050,62340,60910,61830,48100
2021-06-17,61830,63200,61370,62930,46200
2021-06-18,62790,63200,62740,63160,33800
2021-06-21,63160,65450,62840,65080,55800
2021-06-22,65489,65730,64120,65030,24200
2021-06-23,65030,65129,64080,64080,15100
2021-06-24,64080,65269,63980,65220,28400
2021-06-25,64620,65360,64580,65030,12800
2021-06-28,65269,65630,65269,65630,30700
2021-06-29,68000,68000,65630,65960,26400
2021-06-30,65489,65810,62400,65250,7300
2021-07-01,65570,66110,65019,65390,12900
2021-07-02,65740,65740,64629,64629,15300
2021-07-05,64629,64629,63600,64540,17700
2021-07-06,64360,64739,63360,64440,16500
2021-07-07,64410,64410,63410,64069,54300
2021-07-08,63360,64209,63360,64160,10200
2021-07-09,64069,64069,63110,63640,4500
2021-07-12,62650,63600,61690,62160,15900
2021-07-13,62160,62160,61690,62160,5200
2021-07-14,61690,62160,61690,62160,7000
2021-07-15,64069,64069,61790,62310,5900
2021-07-16,62160,63540,62120,63110,26100
2021-07-19,63110,63110,62160,62830,8900
2021-07-20,64019,64019,62600,63730,8300
2021-07-21,64160,64160,63070,63600,16300
2021-07-22,63600,64019,63600,64019,4700
2021-07-23,63980,64019,63410,64019,6200
2021-07-26,63820,63820,63600,63820,10500
2021-07-27,63360,64970,63360,64489,10900
2021-07-28,64440,64540,64440,64440,7300
2021-07-29,64069,64440,63600,64110,4000
2021-07-30,62930,64110,62930,64110,6400
2021-08-02,64110,64590,63640,64489,7800
2021-08-03,64769,65019,64540,64920,8100
2021-08-04,64920,65019,64920,64920,5100
2021-08-05,64069,65740,64069,65740,22700
2021-08-06,65960,65960,64540,64590,17700
2021-08-09,64540,66440,64540,66250,28900
2021-08-10,66250,66250,65489,65770,5800
2021-08-11,65810,66060,65770,65960,13400
2021-08-12,65920,65920,65019,65200,4500
2021-08-13,65250,65860,65200,65860,4800
2021-08-16,65960,66680,64590,66680,23800
2021-08-17,67390,67390,66770,66910,17900
2021-08-18,66910,67630,66730,67580,10600
2021-08-19,67580,67580,66440,66440,16900
2021-08-20,66540,67110,66110,67110,22000
2021-08-23,66910,66910,64540,66440,10600
2021-08-24,66200,66200,65489,65489,5400
2021-08-25,64590,65489,64590,65489,3800
2021-08-26,65489,65740,65489,65489,3200
2021-08-27,65489,66390,65489,66200,11700
2021-08-30,66440,66910,65860,66680,34300
2021-08-31,67340,67340,64440,66250,30500
2021-09-01,65250,65630,65250,65540,14400
2021-09-06,65540,65740,60980,64489,42100
2021-09-07,64540,65450,64540,64920,5600
2021-09-08,65489,65740,65060,65489,28200
2021-09-09,65489,66820,65489,66680,18900
2021-09-10,66440,66910,66440,66820,7700
2021-09-13,66440,67010,66440,66870,2400
2021-09-14,66910,66910,66440,66870,5100
2021-09-15,67150,67240,66770,66770,10300
2021-09-16,65019,66910,65019,66770,2800
2021-09-17,66910,67060,65349,66870,7500
2021-09-20,66620,66620,65349,65349,19700
2021-09-21,65349,65450,65110,65390,10900
2021-09-22,65390,65489,65019,65489,6200
2021-09-23,65489,65770,65160,65489,6300
2021-09-24,65250,65489,64590,65489,23000
2021-09-27,65450,65450,64069,64069,35400
2021-09-28,64069,64160,63690,64069,11900
2021-09-29,64300,64440,64209,64440,39800
2021-09-30,64489,65200,64489,64769,26900
2021-10-01,65540,65540,60280,64069,52600
2021-10-04,64069,64970,63780,64110,16900
2021-10-05,64069,64440,59840,63780,15500
2021-10-06,63780,63780,63600,63780,20600
2021-10-07,63780,63780,63360,63360,27100
2021-10-08,63600,63690,63110,63360,16600
2021-10-11,63110,63600,63110,63440,21700
2021-10-12,63540,63730,63490,63490,16200
2021-10-13,63730,63920,63690,63870,18000
2021-10-14,62930,64069,62930,64069,18500
2021-10-15,63600,64250,63600,64250,15100
2021-10-18,64250,64360,62360,64110,19100
2021-10-19,64019,64019,63600,63920,17300
2021-10-20,63920,63920,63440,63640,25100
2021-10-21,63600,63600,63250,63440,21500
2021-10-22,63440,63600,63410,63440,42600
2021-10-25,63490,63540,63360,63490,8600
2021-10-26,63490,63540,63360,63540,17500
2021-10-27,63360,63600,63360,63540,20800
2021-10-28,63540,63540,63210,63440,15900
2021-10-29,63360,63640,63310,63600,53800
2021-11-01,63600,63820,63440,63820,44000
2021-11-02,63820,64920,63820,64920,37600
2021-11-03,65019,65960,64769,65740,63900
2021-11-04,65060,66440,64819,66390,62000
2021-11-05,66440,67300,65740,67150,34600
2021-11-08,67190,68330,67190,67950,20400
2021-11-09,69520,69520,68390,69190,39800
2021-11-10,70710,70710,68810,69050,13700
2021-11-11,69240,69240,67150,68760,24400
2021-11-12,67150,69270,67150,68760,17100
2021-11-15,67150,69440,67150,69270,49000
2021-11-16,66910,69660,66910,69660,26700
2021-11-17,69660,69760,69380,69660,5900
2021-11-18,69560,69760,69270,69760,12200
2021-11-19,69720,69720,68330,68330,8900
2021-11-22,68330,68390,67870,68330,55200
2021-11-23,67870,70710,67870,70650,11000
2021-11-24,70230,70470,69270,70230,2000
2021-11-25,70470,70470,69760,69810,4000
2021-11-26,68900,70200,68900,70200,16600
2021-11-29,67150,75080,67150,75080,96200
2021-11-30,75690,75690,73140,74270,3700
2021-12-01,70710,73650,70710,73550,4500
2021-12-02,71650,73080,71330,71330,4100
2021-12-03,71470,71520,70230,70230,7700
2021-12-06,70200,70200,68100,68810,12200
2021-12-07,68810,70650,68810,70200,38600
2021-12-08,70200,71190,68390,68620,21500
2021-12-09,68620,69520,68620,68810,50200
2021-12-10,68810,68860,68810,68810,3400
2021-12-13,69520,70890,68570,70890,5500
2021-12-14,70890,71000,69900,71000,1000
2021-12-15,70940,72650,70940,72600,14200
2021-12-16,74030,74030,72850,73550,42300
2021-12-17,72600,74740,72320,74030,2700
2021-12-20,71650,72600,71650,71940,3400
2021-12-21,73550,73550,71700,72750,9800
2021-12-22,72600,72600,71760,72130,3000
2021-12-23,72040,72130,71650,72130,12000
2021-12-24,71190,72700,71190,72600,3700
2021-12-27,72600,72600,72370,72600,14600
2021-12-28,70230,72520,70230,72470,3200
2021-12-29,72370,72370,71190,72090,2100
2021-12-30,70320,72570,70320,72570,900
2021-12-31,72790,75930,71410,75930,102300
2022-01-04,75930,75930,72130,72980,12300
2022-01-05,73080,74930,71650,71650,25300
2022-01-06,71760,73510,71600,73510,31500
2022-01-07,73460,73510,72600,72980,14800
2022-01-10,72700,74510,72600,74510,12600
2022-01-11,73550,74700,73550,74700,15700
2022-01-12,73320,74640,73320,74640,7400
2022-01-13,74640,74640,74460,74510,2200
2022-01-14,73170,74610,73170,74510,13600
2022-01-17,74510,74510,73550,74030,15500
2022-01-18,71190,74410,71190,74410,17500
2022-01-19,73610,74030,73550,73900,6600
2022-01-20,74460,74460,73970,74080,26900
2022-01-21,74030,74030,73170,73790,4500
2022-01-24,71370,75930,71370,74980,61000
2022-01-25,75410,75410,73270,73360,3600
2022-01-26,75690,75690,73610,74170,2600
2022-01-27,74170,75790,74170,75740,15300
2022-01-28,75740,75790,73610,75690,11800
2022-02-07,75930,78310,75930,77350,10200
2022-02-08,77350,78060,77350,78060,11600
2022-02-09,77780,77830,75930,77830,12400
2022-02-10,77830,77830,76450,77830,13200
2022-02-11,77780,78310,77780,78060,29300
2022-02-14,78020,78020,77440,77780,12300
2022-02-15,78780,83050,77440,78360,33200
2022-02-16,80440,80440,77730,78720,13400
2022-02-17,78310,78780,77110,78360,19500
2022-02-18,79690,79690,76020,76680,14300
2022-02-21,78060,78390,78060,78390,9400
2022-02-22,78540,78540,77490,77640,7600
2022-02-23,77600,77730,77310,77350,64600
2022-02-24,78310,78310,73550,75930,30700
2022-02-25,77970,77970,76260,76680,6400
2022-02-28,76870,78310,76650,77780,24100
2022-03-01,77350,77350,76870,77350,11500
2022-03-02,77830,77830,75930,77260,3600
2022-03-03,77350,77350,75690,75930,34100
2022-03-04,76170,76400,74980,76400,10400
2022-03-07,75460,75880,75410,75600,11300
2022-03-08,74740,75460,74030,74980,26100
2022-03-09,75460,75460,74740,74740,17900
2022-03-10,75460,75460,74030,74610,35300
2022-03-11,75220,75220,74510,74510,2100
2022-03-14,75930,76060,73510,74030,50600
2022-03-15,76350,76350,73740,73970,14700
2022-03-16,74270,75930,74080,74980,10600
2022-03-17,75830,75930,74230,74270,20200
2022-03-18,74510,74510,74030,74460,3800
2022-03-21,74460,74980,74460,74460,33200
2022-03-22,74030,74460,73550,74030,24900
2022-03-23,75930,75930,74030,75410,17100
2022-03-24,74980,75350,74610,74610,3200
2022-03-25,74510,74740,74270,74510,14800
2022-03-28,73790,75220,73790,75120,16300
2022-03-29,74550,75980,74550,75980,93500
2022-03-30,75980,77110,75980,76930,9800
2022-03-31,77350,78310,76680,76680,8800
2022-04-01,76870,77060,76870,77060,200
2022-04-04,77060,80680,77060,80680,7500
2022-04-05,77830,82570,77830,82100,15300
2022-04-06,80680,81430,80680,81380,7300
2022-04-07,81620,82060,78390,80200,10500
2022-04-08,81620,81620,77830,78310,17700
2022-04-12,79250,80440,78490,80440,13400
2022-04-13,81340,83050,81140,82520,13200
2022-04-14,81950,83050,81950,82380,8500
2022-04-15,82100,83470,82100,83000,16400
2022-04-18,83000,84000,82810,84000,20000
2022-04-19,86140,86140,83950,84280,12100
2022-04-20,85330,85330,83100,84000,15500
2022-04-21,83050,83430,78160,82900,12100
2022-04-22,82900,82900,79730,82630,7300
2022-04-25,80730,82630,79730,79730,26500
2022-04-26,80150,85270,79730,83240,31300
2022-04-27,83950,85180,83430,84950,34700
2022-04-28,85040,85990,84840,85420,6700
2022-04-29,84480,85330,83670,85330,4100
2022-05-04,84950,84950,83670,83810,8200
2022-05-05,83850,84950,83050,83100,15400
2022-05-06,82630,83140,82380,82470,12400
2022-05-09,82470,82470,80680,80730,24600
2022-05-10,80680,81380,77880,80680,34600
2022-05-11,79730,80440,78930,79010,28000
2022-05-12,79050,79870,78310,79250,12900
2022-05-13,78540,79480,75930,76870,34600
2022-05-16,76400,78310,76400,76870,7000
2022-05-17,77350,80680,76400,80680,8800
2022-05-18,80630,81140,79730,80680,6700
2022-05-19,81060,81060,80190,80630,2200
2022-05-20,80630,82110,75650,78550,10900
2022-05-23,82090,82090,79220,81150,7800
2022-05-24,81150,81150,78500,80570,13400
2022-05-25,80570,81200,80530,81150,26300
2022-05-26,81150,81150,80680,80730,2200
2022-05-27,80730,84530,79720,81110,13700
2022-05-30,82110,82110,80920,80920,4000
2022-05-31,81150,81150,79330,81150,9300
2022-06-01,81150,82110,81110,81590,3600
2022-06-02,81640,81640,80920,81150,2500
2022-06-03,81150,82110,81110,82110,9500
2022-06-06,82370,82370,80960,80960,6000
2022-06-07,80770,80870,80730,80870,3100
2022-06-08,81640,82320,81590,81700,4800
2022-06-09,82110,82370,81880,82110,33600
2022-06-10,82030,82850,81150,82750,3600
2022-06-13,81150,82610,80190,80680,6300
2022-06-14,80000,80680,79750,79850,31100
2022-06-15,79800,79800,77680,77820,33000
2022-06-16,78260,79670,78260,79470,4000
2022-06-17,77380,77540,77200,77200,21300
2022-06-20,76580,76820,75890,75990,13200
2022-06-21,75990,75990,75940,75990,10000
2022-06-22,75840,75840,75220,75220,7000
2022-06-23,74450,75510,74300,75510,4800
2022-06-24,74880,75550,74880,75550,11400
2022-06-27,75460,79720,75460,79220,24600
2022-06-28,79220,79270,77430,77430,8500
2022-06-29,77300,77430,76850,76960,7500
2022-06-30,76820,77540,76660,76660,14400
2022-07-01,76330,76330,75110,75350,15500
2022-07-04,75600,75600,74830,74830,12800
2022-07-05,74390,75220,73920,74150,16400
2022-07-06,72940,73380,72700,72700,5500
2022-07-07,72410,72410,70570,70820,14800
2022-07-08,70820,72460,70820,72220,5200
2022-07-11,72220,72220,68850,70000,14200
2022-07-12,70000,70540,69950,70200,4800
2022-07-13,70230,71010,69080,70000,22600
2022-07-14,72180,72180,70040,70040,8900
2022-07-15,71010,71010,69850,69850,8300
2022-07-18,70780,70780,69560,69560,20000
2022-07-19,70780,70780,69950,70040,17200
2022-07-20,71010,71010,69950,70730,15200
2022-07-21,70730,70780,70540,70570,3200
2022-07-22,71880,74450,71010,73920,21200
2022-07-25,74390,74880,72940,73920,18200
2022-07-26,73720,73920,73430,73620,14100
2022-07-27,73620,78740,73620,77300,39600
2022-07-28,78650,79670,77300,78120,37500
2022-07-29,78200,79130,77970,77970,15600
2022-08-01,77920,78200,77780,77970,55500
2022-08-02,77920,78500,77780,77780,23900
2022-08-03,79130,79130,78020,78060,25800
2022-08-04,78780,79130,77880,78260,33900
2022-08-05,80070,80340,78200,78200,98200
2022-08-08,78200,78200,76850,76850,20000
2022-08-09,77220,78560,77220,77750,45900
2022-08-10,77930,77930,76500,77030,63000
2022-08-11,77030,77030,75870,75970,83000
2022-08-12,76850,76850,75520,76850,9000
2022-08-15,76850,77750,75970,76770,29800
2022-08-16,76850,76850,76060,76850,15400
2022-08-17,77660,77750,76410,77310,34000
2022-08-18,77310,77310,76600,76850,34400
2022-08-19,76850,77310,76330,77120,29200
2022-08-22,76140,76850,75790,75790,27300
2022-08-23,75520,76240,75160,75970,30200
2022-08-24,75970,76410,75870,75970,21200
2022-08-25,76140,76140,75870,75870,21300
2022-08-26,75970,75970,75790,75790,22700
2022-08-29,75610,75610,74530,75070,32900
2022-08-30,76140,76850,75160,76850,16400
2022-08-31,77390,77580,76410,76600,21300
2022-09-05,75970,76850,75520,76850,24300
2022-09-06,77750,77750,75970,75970,6500
2022-09-07,75970,75970,75330,75330,14800
2022-09-08,75260,75970,74710,75160,7400
2022-09-09,74800,76140,74630,76140,16900
2022-09-12,75070,75070,74900,75070,7400
2022-09-13,75070,75160,74530,74630,6500
2022-09-14,74980,75430,74180,75430,12600
2022-09-15,75970,75970,74630,74800,7700
2022-09-16,74630,74710,72380,72480,29500
2022-09-19,72570,73730,71940,71940,17100
2022-09-20,71500,73730,71500,73550,61300
2022-09-21,71590,73460,71590,72210,8500
2022-09-22,72130,72380,71500,72380,9400
2022-09-23,72380,72840,72300,72300,5800
2022-09-26,72030,72030,69710,70160,35000
2022-09-27,70060,70060,68820,68820,23300
2022-09-28,68820,68820,65330,66220,16800
2022-09-29,65420,68820,65420,65860,115700
2022-09-30,63010,67740,63010,67740,82500
2022-10-03,67030,67480,65860,66930,68700
2022-10-04,66930,67130,65690,67030,20100
2022-10-05,67910,68370,67030,67030,9200
2022-10-06,67030,67390,66930,66930,7900
2022-10-07,65780,65780,63900,65690,14400
2022-10-10,64519,66220,64430,64790,20400
2022-10-11,65150,65150,63370,63900,8800
2022-10-12,63450,65690,63450,65690,15800
2022-10-13,65150,66130,65150,65690,25700
2022-10-14,65690,65960,64980,65150,9900
2022-10-17,65150,65590,64980,64980,42900
2022-10-18,66670,66670,65060,65150,9600
2022-10-19,65150,66930,65150,66220,62800
2022-10-20,66930,67030,65510,66320,9300
2022-10-21,66320,66490,64790,64790,22100
2022-10-24,66130,66130,63370,63370,15800
2022-10-25,62560,65150,60330,63450,88400
2022-10-26,64790,65690,63900,64790,13700
2022-10-27,66130,66130,64349,65960,15700
2022-10-28,66130,66850,64980,64980,61400
2022-10-31,67030,67030,64250,64250,19300
2022-11-01,65239,65239,63900,64349,18400
2022-11-02,66050,66050,64250,65239,11700
2022-11-03,65239,65239,64349,64980,3600
2022-11-04,64879,65239,63900,65239,29900
2022-11-07,64170,65239,64170,64349,34700
2022-11-08,65060,65060,64250,64250,7700
2022-11-09,65150,65239,64709,64879,4300
2022-11-10,64879,64879,63010,63450,43900
2022-11-11,63450,64080,63450,63630,13800
2022-11-14,63630,63630,62110,62560,15900
2022-11-15,61670,62560,58190,58190,91400
2022-11-16,54160,62030,54160,61580,36300
2022-11-17,61670,63450,61670,63370,10200
2022-11-18,63370,63810,61750,63810,40000
2022-11-21,64349,64349,61670,62730,5700
2022-11-22,63370,64349,62560,64349,40800
2022-11-23,63450,63450,63010,63010,3800
2022-11-24,62110,63450,62030,63270,6400
2022-11-25,63370,63450,62110,63370,2600
2022-11-28,63370,64430,62560,63270,20300
2022-11-29,63450,63450,62730,63450,14100
2022-11-30,63450,64250,63450,63450,17900
2022-12-01,64170,64349,63450,63720,23700
2022-12-02,63270,64349,63270,64349,23500
2022-12-05,64349,67910,64349,67910,41900
2022-12-06,68010,68010,65510,66760,7800
2022-12-07,66760,67030,65330,66130,82500
2022-12-08,65690,66850,65590,65690,38700
2022-12-09,66520,67530,65780,67530,14400
2022-12-12,67530,68370,66800,66800,9800
2022-12-13,67450,67900,65780,67900,29200
2022-12-14,67900,68370,67260,67260,14100
2022-12-15,68370,68370,66610,66610,2900
2022-12-16,66610,67080,65590,66980,61400
2022-12-19,66980,67900,66150,67080,66900
2022-12-20,66520,67080,65220,65220,23000
2022-12-21,65319,65690,64580,64769,20100
2022-12-22,65590,66610,64849,65870,6400
2022-12-23,65960,66060,65870,65870,39300
2022-12-26,65220,66520,65220,65690,109100
2022-12-27,65780,65780,65780,65780,21300
2022-12-27,65780,66610,65780,66610,57600
2022-12-28,67530,67530,66610,67080,28600
2022-12-29,67080,67260,67080,67080,30200
2022-12-30,68470,69390,66710,69390,78000
2023-01-03,68550,69390,68280,68280,16300
2023-01-04,68370,68650,67630,67720,11100
2023-01-05,67820,69290,67530,68000,15400
2023-01-06,68000,70310,67530,68100,65700
2023-01-09,68280,68650,68280,68470,24200
2023-01-10,68550,68920,68470,68920,26400
2023-01-11,68920,69760,67530,67530,49200
2023-01-12,67530,69660,67530,68370,35300
2023-01-13,68370,68370,67530,68280,39600
2023-01-16,68370,68740,67720,68370,22900
2023-01-17,67820,68280,67720,68280,78400
2023-01-18,68280,68550,68100,68180,57500
2023-01-19,68470,68470,68100,68180,55900
2023-01-27,68180,68920,68180,68550,61900
2023-01-30,68550,68550,68000,68000,51300
2023-01-31,68000,68740,67080,67820,56300
2023-02-01,68370,68370,67260,67350,87600
2023-02-02,67350,67900,66980,67450,49100
2023-02-03,67450,69290,67450,69290,71300
2023-02-06,69390,69850,68000,68370,90400
2023-02-07,69390,69390,67260,67350,64800
2023-02-08,68470,68470,67530,68000,53900
2023-02-09,68370,68650,67530,68000,39100
2023-02-10,68100,68650,68000,68650,38800
2023-02-13,68650,68650,67530,67720,28100
2023-02-14,67720,68180,66890,66890,43600
2023-02-15,66890,68000,66610,67530,29800
2023-02-16,67530,67530,67260,67350,8800
2023-02-17,67350,67530,67080,67080,6700
2023-02-20,67080,67260,67080,67080,36600
2023-02-21,67820,67820,66710,67630,29700
2023-02-22,66710,67720,66710,67630,39400
2023-02-23,67900,67900,67350,67720,62700
2023-02-24,67820,68370,67530,68280,36200
2023-02-27,68280,68280,67080,67080,11500
2023-02-28,67530,67530,66890,66980,4700
2023-03-01,67080,67080,66800,67080,5200
2023-03-02,66890,68000,66890,67160,2500
2023-03-03,66800,67530,66800,67530,6400
2023-03-06,67530,67530,67080,67080,2800
2023-03-07,67080,67080,66800,66800,3700
2023-03-08,67530,67530,66800,66800,1900
2023-03-09,67350,67450,66610,66800,24600
2023-03-10,66800,66800,65690,65690,27600
2023-03-13,65780,65780,63830,63830,50200
2023-03-14,63930,65220,63930,64769,14600
2023-03-15,64950,65129,64670,64670,24500
2023-03-16,64110,64580,63380,63380,37200
2023-03-17,63460,63830,63380,63380,37200
2023-03-20,63830,63830,62170,62450,21400
2023-03-21,62640,62910,62270,62540,23700
2023-03-22,62640,62640,62450,62540,4500
2023-03-23,62730,62730,62640,62640,2200
2023-03-24,62910,62910,61890,61990,24200
2023-03-27,62450,62450,61430,61430,14400
2023-03-28,61060,61520,60880,60880,49100
2023-03-29,61060,61060,59760,59950,59300
2023-03-30,59580,61520,59580,61520,20800
2023-03-31,62730,62730,61430,61430,70300
2023-04-03,61990,62910,61990,62910,38700
2023-04-04,64209,64209,62910,63010,2600
2023-04-05,62270,62640,62170,62640,600
2023-04-06,61800,61990,61800,61800,6900
2023-04-07,61150,61990,61150,61800,8000
2023-04-07,61150,61890,61150,61890,2600
2023-04-10,61340,61990,61340,61800,11800
2023-04-11,61710,61890,61620,61890,3100
2023-04-12,62270,62270,61520,61710,7800
2023-04-13,61710,61710,61430,61520,12100
2023-04-14,62270,62270,61620,61710,17900
2023-04-17,61990,61990,61430,61430,17900
2023-04-18,61150,61340,61150,61340,25900
2023-04-19,61800,61800,60970,61060,26000
2023-04-20,61060,61250,60690,60690,17900
2023-04-21,60690,60690,60130,60410,21500
2023-04-24,60230,60330,59670,60230,8800
2023-04-25,61060,61060,60970,61060,3100
2023-04-26,60780,60780,60690,60690,300
2023-04-27,60510,60600,60040,60600,15700
2023-04-28,60130,60780,60130,60780,3900
2023-05-04,60880,60970,60690,60780,18200
2023-05-05,60690,60690,60690,60690,1700
2023-05-08,60880,60880,60230,60330,3800
2023-05-09,60230,60690,60230,60690,2500
2023-05-10,60600,60600,60230,60600,2400
2023-05-11,60780,60880,60600,60600,25200
2023-05-12,60880,60970,60690,60880,10400
2023-05-15,60780,61620,60690,60780,26400
2023-05-16,60880,60970,60690,60880,9800
2023-05-17,60880,61520,60600,60970,19200
2023-05-18,61060,61060,60600,60690,8400
2023-05-19,60780,60880,60600,60690,10900
2023-05-22,60600,60690,60410,60410,18400
2023-05-23,60410,60780,60410,60410,20800
2023-05-24,60510,61060,60510,60880,15700
2023-05-25,60410,61150,60410,61060,3800
2023-05-26,61060,61250,60690,61150,9000
2023-05-29,61150,61250,60970,61150,19200
2023-05-30,61520,61520,61060,61060,11800
2023-05-31,61250,61250,61060,61060,11600
2023-06-01,61060,61430,60880,61060,14300
2023-06-02,61340,61430,61060,61060,11300
2023-06-05,62270,62270,61620,61620,26300
2023-06-06,61710,63830,61710,62450,124800
2023-06-07,62450,62450,62270,62270,22600
2023-06-08,62450,62450,62360,62450,22600
2023-06-09,62450,63380,62450,63380,19600
2023-06-12,63380,64769,63380,63650,68800
2023-06-13,63650,63650,62910,63380,8900
2023-06-14,63380,63380,63190,63380,27600
2023-06-15,63380,63380,63010,63380,11600
2023-06-16,63460,63650,63280,63280,60600
2023-06-19,63280,63750,63280,63750,72800
2023-06-20,63750,63830,63380,63380,61200
2023-06-21,63380,63830,63380,63830,28600
2023-06-22,63830,64019,63380,63380,61000
2023-06-23,63380,63380,63010,63380,36600
2023-06-26,63380,63380,62910,63380,66200
2023-06-27,63380,64209,63380,63930,194300
2023-06-28,64769,64769,64019,64400,102200
2023-06-29,64209,64400,63650,63750,48300
2023-06-30,63750,63750,63090,63190,81400
2023-07-03,63190,63380,62910,62910,26600
2023-07-04,63010,63560,63010,63380,31000
2023-07-05,63650,63650,63280,63380,51000
2023-07-06,63380,63650,63090,63190,59700
2023-07-07,63190,63380,62910,62910,57300
2023-07-10,62910,63380,62820,62820,46100
2023-07-11,63380,63380,62820,62910,42500
2023-07-12,63010,63010,62730,62820,28700
2023-07-13,62820,63010,62730,62910,39800
2023-07-14,63010,63010,62730,62910,75600
2023-07-17,63010,63280,62910,63010,89200
2023-07-18,63010,63010,62730,62730,52600
2023-07-19,63190,64580,63190,63190,91400
2023-07-20,63280,64300,63190,64209,96900
2023-07-21,63930,64110,63650,63750,116700
2023-07-24,64480,66890,64300,65960,147900
2023-07-25,66890,66890,66240,66890,84100
2023-07-26,66890,66890,66340,66710,32100
2023-07-27,66710,67080,66610,66980,102100
2023-07-28,66980,67260,66980,67160,66000
2023-07-31,67260,68280,67260,68180,98500
2023-08-01,68840,68840,67820,68000,42700
2023-08-02,68100,68100,66540,66640,76300
2023-08-03,66640,67030,66350,67030,65600
2023-08-04,67030,67130,66640,67130,20400
2023-08-07,67320,67320,65770,65770,55000
2023-08-08,66060,66250,65770,66060,49000
2023-08-09,66060,66060,65180,65180,44100
2023-08-10,65180,65670,65090,65379,21700
2023-08-11,65090,65379,64700,65379,33700
2023-08-14,65570,66060,65379,65379,9300
2023-08-15,65379,65470,64890,64989,25800
2023-08-16,65280,65280,64790,65090,30300
2023-08-17,68490,68490,65280,66250,38800
2023-08-18,66250,66250,64500,64599,53600
2023-08-21,64599,64989,63240,64890,23600
2023-08-22,64500,65860,64500,65860,90300
2023-08-23,65860,65960,65180,65280,5800
2023-08-24,65280,65570,65180,65379,15200
2023-08-25,65090,65090,64500,64989,11800
2023-08-28,64989,65570,64989,65470,52200
2023-08-29,65470,65470,65090,65180,17000
2023-08-30,65180,65280,64790,65090,88400
2023-08-31,65180,65770,64989,65090,20500
2023-09-05,65379,65470,64599,64700,61400
2023-09-06,64700,65090,64500,64790,47600
2023-09-07,64790,65090,64500,65090,113200
2023-09-08,65090,65570,64890,65379,27300
2023-09-11,65670,66540,65670,66540,115000
2023-09-12,66150,67510,66150,67220,38600
2023-09-13,67220,67710,66540,67710,77400
2023-09-14,67710,67710,66450,66540,51000
2023-09-15,66060,67420,65960,66830,18200
2023-09-18,66250,66740,65670,66640,17100
2023-09-19,66060,67030,66060,67030,24000
2023-09-20,67030,67220,66540,67030,17900
2023-09-21,67030,67030,66640,66640,10700
2023-09-22,66060,66450,64599,66350,48100
2023-09-25,66060,66350,65090,65090,24800
2023-09-26,65090,65570,64599,64700,25300
2023-09-27,64700,64890,64310,64790,28000
2023-09-28,65180,65180,64599,64890,15500
2023-09-29,64790,65960,64700,65570,16500
2023-10-02,65180,66060,65180,65960,11600
2023-10-03,65180,65960,64890,65960,39100
2023-10-04,65860,65960,65280,65570,24400
2023-10-05,65570,65570,64989,65180,14300
2023-10-06,65280,65570,65090,65570,6900
2023-10-09,64790,66060,64700,65960,13100
2023-10-10,65960,66250,65860,66060,10400
2023-10-11,66150,66150,65860,66060,9600
2023-10-12,66060,66640,65960,66450,28900
2023-10-13,66540,66540,65670,66450,12000
2023-10-16,66060,66350,65280,65670,20300
2023-10-17,65280,66250,65280,66060,23700
2023-10-18,66350,66350,64110,66060,41400
2023-10-19,66830,66830,65570,66830,65900
2023-10-20,66830,66830,65960,66740,17100
2023-10-23,66640,66640,65860,65960,11500
2023-10-24,66060,66060,65180,65770,35700
2023-10-25,66250,66250,65470,65470,18900
2023-10-26,65180,65280,64410,64700,65800
2023-10-27,64700,64890,63340,63430,42700
2023-10-30,63430,63430,62370,62370,37500
2023-10-31,62370,64019,61490,61980,25600
2023-11-01,61980,61980,60710,61100,47400
2023-11-02,61100,62460,60620,61590,29000
2023-11-03,61590,62070,61200,61200,19700
2023-11-06,61200,63530,61200,62460,24300
2023-11-07,63340,63340,61490,61590,29700
2023-11-08,61590,62660,61490,62660,29700
2023-11-09,62270,63140,62170,62660,11400
2023-11-10,62750,62750,62170,62270,14900
2023-11-13,61980,63140,61980,62270,22500
2023-11-14,62950,63050,62660,62660,5900
2023-11-15,63140,63430,63050,63430,71200
2023-11-16,63430,63820,62950,63730,17300
2023-11-17,63340,63920,63340,63530,11400
2023-11-20,62560,63530,62560,63530,4100
2023-11-21,62750,63530,62750,63050,5300
2023-11-22,63050,63630,63050,63530,8000
2023-11-23,63730,63730,63240,63340,6000
2023-11-24,63140,63820,62750,63820,11000
2023-11-27,63920,63920,62850,62950,14500
2023-11-28,62950,63140,62850,63050,3100
2023-11-29,63630,63920,62370,63820,10300
2023-11-30,62750,63820,62750,63340,5000
2023-12-01,64019,64019,63140,63340,9700
2023-12-04,64019,64019,63340,63340,11700
2023-12-05,63240,63630,63140,63340,28300
2023-12-06,63530,63630,63140,63340,14000
2023-12-07,63430,63430,62950,63240,31500
2023-12-08,63530,63630,63140,63630,28600
2023-12-11,63630,64110,63240,63920,72600
2023-12-12,64599,64890,63730,63730,11000
2023-12-13,64110,64110,63240,63340,11900
2023-12-14,63240,64019,63140,63140,29100
2023-12-15,63240,64410,63140,64110,29600
2023-12-18,64110,64110,63140,64110,23000
2023-12-19,64110,64310,63530,64110,28300
2023-12-20,64599,64599,64110,64599,74600
2023-12-21,64790,64989,64110,64700,10200
2023-12-22,64700,65090,63920,64110,29600
2023-12-25,63730,64310,63530,63920,26100
2023-12-26,64110,64209,63820,63820,41300
2023-12-27,63920,65090,63920,64989,28700
2023-12-28,64989,65570,64310,65570,20100
2023-12-29,65570,69850,65090,69850,217900
2024-01-02,68970,68970,66250,68000,114600
2024-01-03,67200,69000,67200,69000,20800
2024-01-04,69000,69000,67500,67600,22500
2024-01-05,68000,68100,67200,67300,27000
2024-01-08,67200,67200,66000,66600,16000
2024-01-09,66800,66800,66500,66700,14800
2024-01-10,66700,66800,66000,66200,14700
2024-01-11,66200,66800,66100,66200,17100
2024-01-12,66200,66200,65600,65700,28700
2024-01-15,65900,66000,65600,65800,9600
2024-01-16,66200,66200,65500,66100,43300
2024-01-17,66000,66100,65900,66000,43800
2024-01-18,66000,66500,66000,66000,17800
2024-01-19,66000,66800,66000,66300,31300
2024-01-22,66000,66000,64500,64800,87700
2024-01-23,64800,64800,64500,64599,32900
2024-01-24,64700,64700,64099,64400,36300
2024-01-25,64500,65800,64300,64500,34100
2024-01-26,67000,67000,65500,66200,40800
2024-01-29,66500,66600,65600,65600,28200
2024-01-30,66000,66000,65400,65600,31200
2024-01-31,65600,70100,65200,69400,422000
2024-02-01,69400,71600,69400,71600,186100
2024-02-02,71600,72500,70500,70800,79000
2024-02-05,71000,71000,70000,70600,93100
2024-02-06,70600,72500,70600,71500,185300
2024-02-07,71500,72600,71500,72100,85400
2024-02-15,72400,72500,71100,72200,57300
2024-02-16,71500,73000,71500,72000,126900
2024-02-19,72800,73300,71500,72300,102600
2024-02-20,72600,73300,72300,73000,63000
2024-02-21,73000,75500,72500,75000,81200
2024-02-22,76000,76000,74500,75000,34300
2024-02-23,75000,75400,73600,73800,91600
2024-02-26,74000,75500,73800,75400,95900
2024-02-27,75400,76000,74000,74700,39400
2024-02-28,74500,75700,74500,75500,63500
2024-02-29,75500,75900,74700,75100,84100
